ITIS_TSN,ScientificName_ITIS,WoRMS_AphiaID,ScientificName_WoRMS,Validity,USE TSN 
82407,Abralia veranyi,139688,Abralia veranyi,,
163665,Abramis,154271,Abramis,,
163666,Abramis brama,154281,Abramis brama,,
80926,Cardium echinatum,138992,Acanthocardia echinata,,
80927,Acanthocardia echinata,138992,Acanthocardia echinata,80927 invalid,80926
170742,Acantholabrus palloni,126957,Acantholabrus palloni,,
166613,Acentronura,159441,Acentronura,,
161072,Acipenser sturio,126279,Acipenser sturio,,
161064,Acipenseridae,125424,Acipenseridae,,
52485,Actiniaria  ,1360,Actiniaria,,
204183,Adamsia carciniopados,100931,Adamsia carciniopados,,
660011,Aegaeon lacazei,107549,Aegaeon lacazei,,
79716,Aequipecten opercularis,140687,Aequipecten opercularis,,
167453,Agonus,126144,Agonus,,
167454,Agonus cataphractus,127190,Agonus cataphractus,,
163663,Alburnus alburnus,154285,Alburnus alburnus,,
155488,Alcyonidium gelatinosum,111600,Alcyonidium gelatinosum,,
52020,Alcyonium  ,125284,Alcyonium,,
52021,Alcyonium digitatum,125333,Alcyonium digitatum,,
162315,Alepocephalus bairdii,126682,Alepocephalus bairdii,,
82383,Alloteuthis  ,138138,Alloteuthis,,
82384,Alloteuthis subulata,153131,Alloteuthis subulata,82384 INVALID: subsequent name/combination,use 556692 Loligo subulata
161701,Alosa,125715,Alosa,,
572694,Alosa agone,416357,Alosa agone,,
161708,Alosa alosa,126413,Alosa alosa,,
161716,Alosa fallax,126415,Alosa fallax,161716 Invalid,Use TSN 572694 Alosa Agone
161717,Alosa fallax fallax,126415,Alosa fallax,161716 invalid,Use TSN 572694 Alosa Agone
96601,Alpheus  ,106978,Alpheus,,
160876,Raja radiata,105865,Amblyraja radiata,160876 Invalid,Use 564149
564149,Amblyraja radiata,105865,Amblyraja radiata,,
171671,Ammodytes,125909,Ammodytes,,
171677,Ammodytes marinus,126751,Ammodytes marinus,,
171676,Ammodytes tobianus,126752,Ammodytes tobianus,,
171670,Ammodytidae,125516,Ammodytidae,,
97858,Anapagurus levis,107218,Anapagurus laevis ,,
171335,Anarhichadidae,125517,Anarhichadidae,,
171336,Anarhichas,125912,Anarhichas,,
550561,Anarhichas denticulatus,126757,Anarhichas denticulatus,,
171341,Anarhichas lupus,126758,Anarhichas lupus,,
171342,Anarhichas minor,126759,Anarhichas minor,,
171338,Anarhichas ocellatus,279605,Anarrhichthys ocellatus,171338 Invalid,Use TSN 171345
171345,Anarrhichthys ocellatus,279605,Anarrhichthys ocellatus,,
161126,Anguilla,125620,Anguilla,,
161128,Anguilla anguilla,126281,Anguilla anguilla,,
161125,Anguillidae,125425,Anguillidae,,
79800,Anomia ephippium,138748,Anomia ephippium,,
157130,Anseropoda placenta,123985,Anseropoda placenta,,
158588,Antedon bifida,124201,Antedon bifida,,
643209,Anthias anthias,127031,Anthias anthias,,
172389,Aphanopus carbo,127085,Aphanopus carbo,,
172033,Aphia minuta,126868,Aphia minuta,,
64366,Aphrodita aculeata,129840,Aphrodita aculeata,,
164487,Apletodon microcephalus,126510,Apletodon dentatus,164487 Invalid,Use TSN 642604
642604,Apletodon dentatus,126510,Apletodon dentatus,,
72552,Aporrhais pespelicanis,138760,Aporrhais pespelecani,,
72553,Aporrhais serresiana,138761,Aporrhais serresianus,,
81343,Arctica islandica,138802,Arctica islandica,,
162471,Notolepis rissoi,126352,Arctozenus risso,162471 Invalid,Use TSN 644687 Arctozenus risso
162061,Argentina,125885,Argentina,,
189396,Argentina,125885,Argentina,,
162064,Argentina silus,126715,Argentina silus,,
162071,Argentina sphyraena,126716,Argentina sphyraena,,
162057,Argentinidae,125508,Argentinidae,,
162213,Argyropelecus,126196,Argyropelecus,,
162215,Argyropelecus aculeatus,127306,Argyropelecus aculeatus,,
162219,Argyropelecus hemigymnus,127309,Argyropelecus hemigymnus,,
162220,Argyropelecus olfersi,274967,Argyropelecus olfersii,,
622706,Argyropelecus olfersii,274967,Argyropelecus olfersii,,
169366,Argyrosomus regius,127007,Argyrosomus regius,,
96056,Aristaeomorpha foliacea,158326,Aristaeomorpha foliacea,,
96074,Aristaeopsis edwardsiana,240796,Aristaeopsis edwardsiana,,
96062,Aristeus antennatus,107083,Aristeus antennatus,,
172803,Arnoglossus,126109,Arnoglossus,,
172806,Arnoglossus imperialis,127124,Arnoglossus imperialis,,
172805,Arnoglossus laterna,127126,Arnoglossus laterna,,
172808,Arnoglossus rueppelii,127127,Arnoglossus rueppelii,,
172809,Arnoglossus thori,127128,Arnoglossus thori,,
167208,Artediellus atlanticus,127193,Artediellus atlanticus,,
167209,Artediellus europaeus,127193,Artediellus atlanticus,167209 Invalid,USE TSN 167208
167210,Artediellus atlanticus europaeus ,127193,Artediellus atlanticus,,
159213,Ascidiella aspersa,103718,Ascidiella aspersa,,
159214,Ascidiella scabra,103719,Ascidiella scabra,,
80796,Astartidae  ,228,Astartidae,,
157220,Asterias rubens,123776,Asterias rubens,,
156901,Astropecten  ,123245,Astropecten,,
156904,Astropecten antillensis,178646,Astropecten antillensis,,
156909,Astropecten irregularis,123867,Astropecten irregularis,,
166025,Atherina presbyter,272030,Atherina presbyter,,
205549,Atrina fragilis,146524,Atrina fragilis,,
82337,Austrorossia,341410,Austrorossia,,
172455,Auxis rochei,127015,Auxis rochei,,
161619,Avocettina infans,126304,Avocettina infans,,
173137,Balistes,126228,Balistes,,
173138,Balistes capriscus ,154721,Balistes capriscus,,
173142,Balistes carolinensis,154721,Balistes capriscus,173142 Invalid,Use TSN 173138 Balistes capriscus
98692,Bathynectes  ,106920,Bathynectes,,
82636,Bathypolypus arcticus,140596,Bathypolypus arcticus,,
173028,Bathysolea profundicola,127152,Bathysolea profundicola,,
165594,Belone belone,126375,Belone belone,,
164897,Benthocometes robustus,126667,Benthocometes robustus,,
172382,Benthodesmus elongatus,127086,Benthodesmus elongatus,,
166155,Beryx decadactylus,126394,Beryx decadactylus,,
166156,Beryx splendens,126395,Beryx splendens,,
79118,Bivalvia  ,105,Bivalvia,,
171124,Blenniidae,125519,Blenniidae,,
171125,Blennius,125915,Blennius,,
171126,Blennius ocellaris,126761,Blennius ocellaris,,
163661,Blicca bjoerkna,154274,Blicca bjoerkna,,
169218,Boops boops,127047,Boops boops,,
172714,Bothidae,125576,Bothidae,,
170290,Brama brama,126783,Brama brama,,
158110,Brissopsis lyrifera,124373,Brissopsis lyrifera,,
164740,Brosme brosme,126447,Brosme brosme,,
73810,Buccinum humphreysiana,138865,Buccinum humphreysianum,,
73795,Buccinum undatum,138878,Buccinum undatum,,
172041,Buenia jeffreysi,126872,Buenia jeffreysii,172041 Invalid,Use TSN 636752
636752,Buenia jeffreysii,126872,Buenia jeffreysii,,
173020,Buglossidium,126127,Buglossidium,,
173021,Buglossidium luteum,127153,Buglossidium luteum,,
199951,Calappa granulata,107268,Calappa granulata,,
643226,Callanthias ruber,126789,Callanthias ruber,,
52655,Calliactis parasitica,100946,Calliactis parasitica,,
171691,Callionymidae,125522,Callionymidae,,
171692,Callionymus,125930,Callionymus,,
171698,Callionymus lyra,126792,Callionymus lyra,,
171699,Callionymus maculatus,126793,Callionymus maculatus,,
171712,Callionymus reticulatus,126795,Callionymus reticulatus,,
69812,Calliostoma zizyphinum,141767,Calliostoma zizyphinum,,
98682,Cancer bellanius,107275,Cancer bellianus,,
98681,Cancer pagurus,107276,Cancer pagurus,,
166309,Caproidae,125613,Caproidae,,
166320,Capros aper,127419,Capros aper,,
155881,Carbasea  ,110909,Carbasea,,
98734,Carcinus maenas,107381,Carcinus maenas,,
80865,Cardiidae  ,229,Cardiidae,,
167522,Careproctus reinhardti,127212,Careproctus reinhardti,,
156094,Caulibugula,225832,Caulibugula,,
170730,Centrolabrus exoletus,126961,Centrolabrus exoletus,,
172520,Centrolophus niger,126831,Centrolophus niger,,
160635,Centrophorus squamosus,105901,Centrophorus squamosus,,
160703,Centroscyllium fabricii,105906,Centroscyllium fabricii,,
160724,Centroscymnus coelolepis,105907,Centroscymnus coelolepis,,
160725,Centroscymnus crepidater,280071,Centroselachus crepidater,,
82326,Cephalopoda,11707,Cephalopoda,,
170281,Cepola macrophthalma,126835,Cepola macrophthalma,,
170282,Cepola rubescens,126835,Cepola macrophthalma,170282 Invalid,Use TSN 170281 Cepola macrophthalma
80901,Cerastoderma edule,138998,Cerastoderma edule,,
162578,Ceratoscopelus maderensis,126585,Ceratoscopelus maderensis,,
81588,Venus gallina,141907,Chamelea gallina,81588 Invalid,Use TSN 205649
162281,Chauliodus sloani,127338,Chauliodus sloani,,
616685,Cheilopogon pinnatibarbatus,126383,Cheilopogon pinnatibarbatus,,
167049,Aspitrigla cuculus,127259,Chelidonichthys cuculus,167049 Invalid,Use TSN 692071
692071,Chelidonichthys cuculus,127259,Chelidonichthys cuculus,,
167039,Trigla lucerna,127262,Chelidonichthys lucerna,167039 Invalid,Use 643890
643890,Chelidonichthys lucernus,274877,Chelidonichthys lucernus,,
167050,Aspitrigla obscura,127263,Chelidonichthys obscurus,167050 Invalid,Use TSN 643891
643891,Chelidonichthys obscurus,127263,Chelidonichthys obscurus,,
170371,Chelon labrosus,126977,Chelon labrosus,,
161022,Chimaera monstrosa,105824,Chimaera monstrosa,,
171571,Chirolophis ascanii,127071,Chirolophis ascanii,,
162430,Chlorophthalmus agassizi,126336,Chlorophthalmus agassizi,,
97083,Chlorotocus crassicornis,107642,Chlorotocus crassicornis,,
157839,Cidaris cidaris,124257,Cidaris cidaris,,
164779,Ciliata mustella,126448,Ciliata mustela,164779 Invalid,Use TSN 623023
623023,Ciliata mustela,126448,Ciliata mustela,,
164780,Ciliata septentrionalis,126449,Ciliata septentrionalis,,
616555,Citharus linguatula,127130,Citharus linguatula,,
161722,Clupea harengus,126417,Clupea harengus,,
161700,Clupeidae,125464,Clupeidae,,
165373,Caelorinchus caelorhincus,398381,Coelorinchus caelorhincus,,
73930,Colus gracilis,138899,Colus gracilis,,
161325,Conger  ,125624,Conger,,
161341,Conger conger,126285,Conger conger,,
161963,Coregonus albula,127178,Coregonus albula,,
161950,Coregonus lavaretus,127180,Coregonus lavaretus,,
165350,Coryphaenoides rupestris,158960,Coryphaenoides rupestris,,
98660,Corystes cassivelanus,107277,Corystes cassivelaunus ,,
167196,Cottidae,125589,Cottidae,,
167408,Cottunculus microps,127235,Cottunculus microps,,
167255,Cottus gobio,127196,Cottus gobio,,
97107,Crangon,107007,Crangon,,
97135,Crangon allmanni,107551,Crangon allmanni,,
97118,Crangon crangon,107552,Crangon crangon,,
157944,Crossaster,123386,Crossaster,,
171971,Crystallogobius linearis,126878,Crystallogobius linearis,,
170733,Ctenolabrus rupestris,126964,Ctenolabrus rupestris,,
167483,Cyclopteridae,125590,Cyclopteridae,,
167612,Cyclopterus lumpus,127214,Cyclopterus lumpus,,
166280,Cyttopsis rosea,127425,Cyttopsis rosea,,
160651,Dalatias licha,105910,Dalatias licha,,
160959,Dasyatis pastinaca,105851,Dasyatis pastinaca,,
160742,Deania calcea,105903,Deania calcea,,
649720,Deania calceus,105903,Deania calcea,649720 Invalid,Use TSN 160742
95599,Decapoda,1130,Decapoda,,
172124,Deltentosteus quadrimaculatus,126880,Deltentosteus quadrimaculatus,,
169224,Dentex dentex,127467,Dentex (Dentex) dentex,,
169220,Dentex maroccanus,273966,Dentex maroccanus,,
162583,Diaphus,125819,Diaphus,,
170316,Dicentrarchus,126029,Dicentrarchus,,
170317,Dicentrarchus labrax,126975,Dicentrarchus labrax,,
170318,Dicentrarchus punctatus,126976,Dicentrarchus punctatus,,
173031,Dicologlossa cuneata,127154,Dicologlossa cuneata,,
164482,Diplecogaster bimaculata,126513,Diplecogaster bimaculata,,
182915,Diplodus annularis,127049,Diplodus annularis,,
647940,Diplodus bellottii,127050,Diplodus bellottii,,
182917,Diplodus cervinus,127051,Diplodus cervinus,,
647899,Diplodus puntazzo,127052,Diplodus puntazzo,,
169194,Diplodus sargus,127053,Diplodus sargus,,
182919,Diplodus vulgaris,127054,Diplodus vulgaris,,
160885,Raja batis,105869,Dipturus batis,160885 Invalid,Use TSN 564126
564126,Dipturus batis,105869,Dipturus batis,,
564141,Dipturus linteus,105870,Dipturus linteus,,
160887,Raja oxyrinchus,105872,Dipturus oxyrinchus,160887 Invalid ,Use TSN 564148
564148,Dipturus oxyrinchus,105872,Dipturus oxyrinchus,,
170991,Trachinus vipera,150630,Echiichthys vipera,170991 Invalid,Use TSN 630409
630409,Echiichthys vipera,150630,Echiichthys vipera,,
157940,Echinidae  ,123160,Echinidae,,
158128,Echinocardium  ,123426,Echinocardium,,
158129,Echinocardium cordatum,124392,Echinocardium cordatum,,
158130,Echinocardium flavescens,124394,Echinocardium flavescens,,
157821,Echinoidea  ,123082,Echinoidea,,
157949,Echinus esculentus,124287,Echinus esculentus,,
165116,Echiodon drummondii,126663,Echiodon drummondii,,
82645,Eledone,138267,Eledone,,
138267,Dolichopus subciliatus,138267,Eledone,,
82646,Eledone cirrhosa,140600,Eledone cirrhosa,,
556275,Eledone moschata,140601,Eledone moschata,,
164747,Enchelyopus,125742,Enchelyopus,,
164748,Enchelyopus cimbrius,126450,Enchelyopus cimbrius,,
164749,Rhinonemus cimbrius,126450,Enchelyopus cimbrius,164749 Invalid,Use TSN 164748
161827,Engraulis  ,125724,Engraulis,,
161831,Engraulis encrasicolus,126426,Engraulis encrasicolus,,
161832,Engraulis encrasicolus,126426,Engraulis encrasicolus,161832 Invalid,Use TSN 161831
81021,Ensis  ,138333,Ensis,,
166591,Entelurus aequerius,127379,Entelurus aequoreus,166591 Invalid,Use TSN 644927
644927,Entelurus aequoreus,127379,Entelurus aequoreus,,
646292,Ephippion guttifer,127413,Ephippion guttifer,,
168301,Epigonus denticulatus,126857,Epigonus denticulatus,,
168298,Epigonus telescopus,126858,Epigonus telescopus,,
162139,Esox lucius,154210,Esox lucius,,
160660,Etmopterus pusillus,105912,Etmopterus pusillus,,
160670,Etmopterus spinax,105913,Etmopterus spinax,,
72898,Polinices polianus,140539,Euspira pulchella,,
167044,Eutrigla gurnardus,150637,Eutrigla gurnardus,,
635744,Facciolella oxyrhyncha,126307,Facciolella oxyrhyncha,,
155886,Flustra foliacea,111367,Flustra foliacea,,
164771,Gadiculus,125731,Gadiculus,,
164772,Gadiculus argenteus,126435,Gadiculus argenteus,,
164712,Gadus morhua,126436,Gadus morhua,,
164714,Gadus morhua callarias,126436,Gadus morhua,,
164764,Gaidropsarus,125743,Gaidropsarus,,
164768,Gaidropsarus argentatus,126451,Gaidropsarus argentatus,,
550591,Gaidropsarus biscayensis,126452,Gaidropsarus biscayensis,,
550592,Gaidropsarus macropthalmus,126456,Gaidropsarus macrophthalmus,550592 Invalid,Use TSN 623025
623025,Gaidropsarus macrophthalmus,126456,Gaidropsarus macrophthalmus,,
164766,Gaidropsarus mediterraneus,126457,Gaidropsarus mediterraneus,,
164765,Gaidropsarus vulgaris,126458,Gaidropsarus vulgaris,,
11760,Galaxaura rugosa,145739,Galaxaura rugosa,,
160181,Galeorhinus galeus,105820,Galeorhinus galeus,,
160034,Galeus melastomus,105812,Galeus melastomus,,
160037,Galeus murinus,105813,Galeus murinus,,
166363,Gasterosteidae,125476,Gasterosteidae,,
166361,Gasterosteiformes  ,10326,Gasterosteiformes,,
166365,Gasterosteus aculeatus,126505,Gasterosteus aculeatus,Invalid,use alpha 236462
201978,Gasterosteus aculeatus aculeatus ,126505,Gasterosteus aculeatus,invalid,
-201978,Gasterosteus aculeatus aculeatus,236462,Gasterosteus aculeatus aculeatus,,
201979,Gasterosteus aculeatus williamsoni,293602,Gasterosteus aculeatus williamsoni,,
69459,Gastropoda  ,101,Gastropoda,,
169039,Gerres australis,218535,Gerres oyena,169039 Invalid,Use TSN 169044
169044,Gerres oyena,218535,Gerres oyena,,
620993,Geryon longipes,107373,Geryon longipes,,
79429,Glycymeris glycymeris,140025,Glycymeris glycymeris,,
172873,Glyptocephalus cynoglossus,127136,Glyptocephalus cynoglossus,,
164457,Gobiesocidae,125477,Gobiesocidae,,
171746,Gobiidae,125537,Gobiidae,,
171833,Gobius,125988,Gobius,,
171838,Gobius auratus,126884,Gobius auratus,,
171841,Gobius cobitis,126886,Gobius cobitis,,
171859,Gobius gasteveni,126890,Gobius gasteveni,,
171850,Gobius niger,126892,Gobius niger,,
171854,Gobius paganellus,126893,Gobius paganellus,,
171974,Gobiusculus flavescens,126898,Gobiusculus flavescens,,
98917,Goneplax rhomboides,107292,Goneplax rhomboides,,
162182,Gonostoma  ,126189,Gonostoma,,
162163,Gonostomatidae,125601,Gonostomatidae,,
157946,Echinus acutus,532031,Gracilechinus acutus ,,
623007,Guttigadus latifrons,158978,Guttigadus latifrons,,
171680,Gymnammodytes semisquamatus,126754,Gymnammodytes semisquamatus,,
168520,Gymnocephalus cernuus,151302,Gymnocephalus cernuus,,
164692,Halargyreus johnsonii,126489,Halargyreus johnsonii,,
166787,Helicolenus dactylopterus,127251,Helicolenus dactylopterus,,
157165,Henricia sanguinolenta,123974,Henricia sanguinolenta,,
159819,Hexanchus griseus,105833,Hexanchus griseus,,
157008,Hippasteria phrygiana,124043,Hippasteria phrygiana,,
166498,Hippocampus ramulosus,154776,Hippocampus guttulatus,,
645018,Hippocampus guttulatus,154776,Hippocampus guttulatus,,
166497,Hippocampus hippocampus,127380,Hippocampus hippocampus,,
172877,Hippoglossoides platessoides,127137,Hippoglossoides platessoides,,
172933,Hippoglossus hippoglossus,127138,Hippoglossus hippoglossus,,
616693,Hirundichthys rondeletii,126386,Hirundichthys rondeletii,,
158140,Holothuroidea ,123083,Holothuroidea ,,
97313,Homarus,106862,Homarus,,
97315,Homarus gammarus,107253,Homarus gammarus,,
98315,Homola barbata,107262,Homola barbata,,
166139,Hoplostethus atlanticus,126402,Hoplostethus atlanticus,,
166140,Hoplostethus mediterraneus,126404,Hoplostethus mediterraneus,,
98426,Hyas araneus,107322,Hyas araneus,,
98423,Hyas coarctatus,107323,Hyas coarctatus,,
161017,Hydrolagus mirabilis,105826,Hydrolagus mirabilis,,
165406,Hymenocephalus italicus,158961,Hymenocephalus italicus ,,
171681,Hyperoplus,125911,Hyperoplus,,
171683,Hyperoplus immaculatus,126755,Hyperoplus immaculatus,,
171682,Hyperoplus lanceolatus,126756,Hyperoplus lanceolatus,,
167188,Icelus bicornis,127199,Icelus bicornis,,
82523,Illex coindetii,140621,Illex coindetii,,
82521,Illex illecebrosus,153087,Illex illecebrosus,,
98534,Inachus dorsettensis,107327,Inachus dorsettensis,,
170477,Labridae,125541,Labridae,,
170737,Labrus bergylta,126965,Labrus bergylta,,
170738,Labrus bimaculatus,151501,Labrus mixtus,170738 Invalid,Use TSN 170739
170739,Labrus mixtus,151501,Labrus mixtus,,
80895,Laevicardium crassum,139004,Laevicardium crassum,,
159911,Lamna nasus,105841,Lamna nasus,,
162632,Lampanyctus,125825,Lampanyctus,,
162649,Lampanyctus crocodilus,126612,Lampanyctus crocodilus,,
159700,Lampetra,101167,Lampetra,,
159719,Lampetra fluviatilis,101172,Lampetra fluviatilis,,
166326,Lampris guttatus,126522,Lampris guttatus,,
164475,Lepadogaster,125781,Lepadogaster,,
164478,Lepadogaster lepadogaster,126518,Lepadogaster lepadogaster,,
89561,Lepas anatifera,106149,Lepas anatifera,,
164690,Lepidion eques,126493,Lepidion eques,,
172391,Lepidopus caudatus,127088,Lepidopus caudatus,,
172834,Lepidorhombus boscii,127145,Lepidorhombus boscii,,
172835,Lepidorhombus whiffiagonis,127146,Lepidorhombus whiffiagonis,,
167025,Lepidotrigla  ,126179,Lepidotrigla,,
167478,Leptagonus decagonus,127191,Leptagonus decagonus,,
157225,Leptasterias,123222,Leptasterias,,
157247,Leptasterias muelleri,125158,Leptasterias muelleri,,
171603,Leptoclinus maculatus,127072,Leptoclinus maculatus,,
172034,Lesueurigobius,125992,Lesueurigobius,,
172036,Lesueurigobius friesii,126904,Lesueurigobius friesii,,
172038,Lesueurigobius sanzoi,126906,Lesueurigobius sanzi,,
163580,Leuciscus leuciscus,154599,Leuciscus leuciscus,,
564128,Leucoraja circularis,105873,Leucoraja circularis,,
160888,Raja fullonica,105874,Leucoraja fullonica,160888 Invalid,Use TSN 564134
564134,Leucoraja fullonica,105874,Leucoraja fullonica,,
564140,Leucoraja lentiginosa,271564,Leucoraja lentiginosa,,
160890,Raja naevus,105876,Leucoraja naevus,160890 Invalid,Use TSN 564143
564143,Leucoraja naevus,105876,Leucoraja naevus,,
172881,Limanda limanda,127139,Limanda limanda,,
98739,Macropipus dupurator,107387,Liocarcinus depurator ,,
98740,Macropipus holsatus,107388,Liocarcinus holsatus,98740 Invalid,Use TSN 573714
573714,Liocarcinus holsatus,107388,Liocarcinus holsatus,,
98745,Macropipus marmoreus,107390,Liocarcinus marmoreus,,
167550,Liparis,126160,Liparis,,
167749,Epinephelus acanthistius,126160,Liparis,,
167578,Liparis liparis,127219,Liparis liparis,,
167581,Liparis montagui,127220,Liparis montagui,,
171139,Blennius pholis,126768,Lipophrys pholis,,
97943,Lithodes maja,107205,Lithodes maja,,
182936,Lithognathus mormyrus,127055,Lithognathus mormyrus,,
170377,Liza aurata,126978,Liza aurata,,
170376,Liza ramada,126980,Liza ramada,,
630328,Liza ramado,126980,Liza ramada,,
82369,Loliginidae,11734,Loliginidae,,
82370,Loligo,138139,Loligo,,
82374,Loligo forbesii,416668,Loligo forbesii,,
-82374,Loligo forbesii,140270,Loligo forbesii,Aphia 142070 invalid,Use AphiaID 416668
556692,Loligo subulata,341892,Loligo subulata,,
82375,Loligo vulgaris,140271,Loligo vulgaris,,
164497,Lophiidae,125493,Lophiidae,,
164498,Lophius,125802,Lophius,,
164502,Lophius budegassa,126554,Lophius budegassa,,
164501,Lophius piscatorius,126555,Lophius piscatorius,,
164725,Lota lota,154388,Lota lota,,
555704,Phycinae,125470,Lotidae,,
156871,Luidia sarsi,178639,Luidia sarsi,,
171588,Lumpenus lumpretaeformis,154675,Lumpenus lampretaeformis,171588 Invalid,Use TSN 631023
631023,Lumpenus lampretaeformis,154675,Lumpenus lampretaeformis,,
573590,Lunatia catena ,150590,Lunatia catena,,
80976,Lutraria,138157,Lutraria,,
165243,Lycenchelys sarsi,127101,Lycenchelys sarsii,165243 Invalid,Use TSN 631033
631033,Lycenchelys sarsii,127101,Lycenchelys sarsii,,
165255,Lycodes,126104,Lycodes,,
631144,Lycodes gracilis,274100,Lycodes gracilis,,
165284,Lycodes vahlii,127118,Lycodes vahlii,,
567846,Macoma balthica,141579,Macoma balthica,,
162511,Macroparalepis affine,126356,Macroparalepis affinis,,
644690,Macroparalepis affinis,126356,Macroparalepis affinis,,
98743,Macropipus tuberculatus,107397,Macropipus tuberculatus,,
98553,Macropodia  ,205077,Macropodia,,
199957,Macropodia longirostris,107343,Macropodia longirostris,,
551495,Macroramphosus  ,126222,Macroramphosus,,
166423,Macrorhamphosus scolopax,127378,Macroramphosus scolopax,166423 Invalid,Use TSN 551497
551497,Macroramphosus scolopax,127378,Macroramphosus scolopax,,
82633,Octopus defilippi,534126,Macrotritopus defilippi,,
165332,Macrouridae,125471,Macrouridae,,
165421,Macrourus berglax,126472,Macrourus berglax,,
80967,Mactra  ,138158,Mactra,,
205630,Mactra stultorum,140299,Mactra stultorum,,
199960,Maja  ,106909,Maja,,
98573,Maia squinado,107347,Maja brachydactyla,,
-199961,Maja squinado,107347,Maja brachydactyla,,
199961,Maja squinado,107350,Maja squinado,,
165389,Malacocephalus laevis,272392,Malacocephalus laevis ,,
157289,Marthasterias glacialis,123803,Marthasterias glacialis,,
162187,Maurolicus muelleri,127312,Maurolicus muelleri,,
164744,Melanogrammus aeglefinus,126437,Melanogrammus aeglefinus,,
95630,Penaeus˜kerathurus,107104,Melicertus kerathurus,95630 invalid,Use TSN 551590
551590,Melicertus kerathurus,107104,Melicertus kerathurus,,
164758,Merlangius merlangus,126438,Merlangius merlangus,,
164789,Merlucciidae,125473,Merlucciidae,,
164795,Merluccius merluccius,126484,Merluccius merluccius,,
158099,Micrasterina  ,510545,Micrasterina,,
167391,Taurulus lilljeborgi,127201,Micrenophrys lilljeborgii,167391 Invalid,Use TSN 644150
644150,Micrenophrys lilljeborgii,127201,Micrenophrys lilljeborgii,,
173022,Microchirus,126129,Microchirus,,
127472,Culicoides˜sordidellus (insect),127472,Microchirus (Microchirus) variegatus,,
173024,Microchirus azevia,274299,Microchirus azevia,,
616398,Microchirus boscanion,274300,Microchirus boscanion,,
173023,Microchirus ocellatus,274302,Microchirus ocellatus,,
173026,Microchirus variegatus,274304,Microchirus variegatus ,,
164774,Micromesistius poutassou,126439,Micromesistius poutassou,,
172888,Microstomus kitt,127140,Microstomus kitt,,
79501,Modiolus modiolus,140467,Modiolus modiolus,,
173414,Mola mola,127405,Mola mola,,
164761,Molva dypterygia,126459,Molva dypterygia,,
164763,Molva macropthalma,126460,Molva macrophthalma,164763 Invalid,Use TSN 623033
623033,Molva macrophthalma,126460,Molva macrophthalma,,
164760,Molva molva,126461,Molva molva,,
616402,Monochirus hispidus,127155,Monochirus hispidus,,
164687,Mora moro,126497,Mora moro,,
170335,Mugil cephalus,126983,Mugil cephalus,,
170333,Mugilidae,125546,Mugilidae,,
169406,Mullidae,125547,Mullidae,,
169416,Mullus,126034,Mullus,,
169419,Mullus barbatus,126985,Mullus barbatus,,
169418,Mullus surmuletus,126986,Mullus surmuletus,,
97965,Munida  ,106835,Munida,,
160226,Mustelus,105732,Mustelus,,
160240,Mustelus asterias,105821,Mustelus asterias,,
160242,Mustelus mustelus,105822,Mustelus mustelus,,
162575,Myctophidae,125498,Myctophidae,,
162368,Myctophiformes,10309,Myctophiformes,,
162719,Myctophum,125829,Myctophum,,
162723,Myctophum punctatum,126627,Myctophum punctatum,,
160983,Myliobatis aquila,105860,Myliobatis aquila,,
167311,Myoxocephalus,126152,Myoxocephalus,,
167317,Myoxocephalus scorpioides,127202,Myoxocephalus scorpioides,,
167318,Myoxocephalus scorpius,127203,Myoxocephalus scorpius,,
79451,Mytilidae  ,211,Mytilidae,,
79454,Mytilus edulis,140480,Mytilus edulis,,
79456,Mytilus galloprovincialis,140481,Mytilus galloprovincialis,,
159772,Myxine glutinosa,101170,Myxine glutinosa,,
72883,Natica,138240,Natica,,
98744,Macropipus puber,107398,Necora puber,,
161624,Nemichthys scolopaceus,126306,Nemichthys scolopaceus,,
172072,Neogobius melanostomus,126916,Neogobius melanostomus,,
79863,Neopycnodonte cochlear,140048,Neopycnodonte cochlear,,
97317,Nephrops norvegicus,107254,Nephrops norvegicus,,
74009,Neptunea antiqua,138920,Neptunea antiqua,,
166593,Nerophis lumbriciformis,127383,Nerophis lumbriciformis,,
166595,Nerophis ophidion,127385,Nerophis ophidion,,
161310,Nettastoma melanurum,126308,Nettastoma melanurum,,
165394,Nezumia aequalis,126473,Nezumia aequalis,,
165395,Nezumia bairdii,183289,Nezumia bairdii,,
165398,Nezumia sclerorhynchus,126475,Nezumia sclerorhynchus,,
161678,Notacanthidae,125501,Notacanthidae,,
161690,Notacanthus chemnitzii,126643,Notacanthus chemnitzii,,
162661,Notoscopelus kroeyeri,272728,Notoscopelus kroyeri,,
660857,Nyctiphanes couchii,254316,Nyctiphanes couchii,,
82590,Octopodidae,11782,Octopodidae,,
82603,Octopus vulgaris,140605,Octopus vulgaris,,
82514,Ommastrephidae,11760,Ommastrephidae,,
161989,Oncorhynchus mykiss,127185,Oncorhynchus mykiss,,
655998,Ophidiasteridae,123137,Ophidiasteridae,,
164846,Ophidion barbatum,126675,Ophidion barbatum,,
157617,Ophiopholis aculeata,125125,Ophiopholis aculeata,,
157804,Ophiothrix fragilis,125131,Ophiothrix fragilis,,
157411,Ophiura  ,123574,Ophiura,,
157426,Ophiura albida,124913,Ophiura albida,,
206823,Ophiura ophiura,124929,Ophiura ophiura,,
157424,Ophiura sarsii,124934,Ophiura sarsii,,
157382,Ophiurida  ,123117,Ophiurida,,
82675,Opisthoteuthis agassizii,140652,Opisthoteuthis agassizii,,
96145,Oplophorus spinosus,107602,Oplophorus spinosus,,
180469,Orcinus orca,137102,Orcinus orca,,
162039,Osmerus eperlanus,126736,Osmerus eperlanus,,
79885,Ostrea edulis,140658,Ostrea edulis,,
636201,Oxyconger leptognathus,281953,Oxyconger leptognathus,,
169211,Pagellus,126079,Pagellus,,
169213,Pagellus acarne,127057,Pagellus acarne,,
169212,Pagellus bogaraveo,127059,Pagellus bogaraveo,,
169215,Pagellus erythrinus,127060,Pagellus erythrinus,,
647960,Pagrus auriga,127061,Pagrus auriga,,
169207,Pagrus pagrus,127063,Pagrus pagrus,,
97774,Paguridae  ,106738,Paguridae,,
97775,Pagurus  ,106854,Pagurus,,
97805,Pagurus bernhardus,107232,Pagurus bernhardus,,
97818,Pagurus prideauxi,107239,Pagurus prideaux,,
97811,Pagurus pubescens,107240,Pagurus pubescens,,
96451,Palaemon serratus,107616,Palaemon serratus,,
97657,Palinurus elephas,107703,Palinurus elephas,,
552965,Palinurus gilchristi,210074,Palinurus gilchristi,,
552966,Palinurus mauritanicus,107704,Palinurus mauritanicus,,
96965,Pandalidae  ,106789,Pandalidae,,
96966,Pandalus,107044,Pandalus,,
171132,Blennius gattorugine,126770,Parablennius gattorugine,171132 invalid,use TSN 636467
636467,Parablennius gattorugine,126770,Parablennius gattorugine,,
157942,Paracentrotus lividus,124316,Paracentrotus lividus,,
95733,Parapenaeus longirostris,107109,Parapenaeus longirostris,,
158351,Stichopus regalis,149898,Parastichopus regalis ,,
158349,Stichopus tremulus,124535,Parastichopus tremulus ,,
98319,Paromola cuvieri,107264,Paromola cuvieri,,
96166,Pasiphaea multidentata,107676,Pasiphaea multidentata,,
96174,Pasiphaea sivado,107677,Pasiphaea sivado,,
96161,Pasiphaeidae,106790,Pasiphaeidae,,
79683,Pecten maximus,140712,Pecten maximus,,
173014,Solea impar,236490,Pegusa impar,173014 Invalid ,Use TSN 616606
616606,Pegusa impar,236490,Pegusa impar,,
173051,Pegusa lascaris,127156,Pegusa lascaris,,
95759,Penaeopsis serrata,107111,Penaeopsis serrata,,
52419,Pennatula phosphorea,128517,Pennatula phosphorea,,
168470,Perca fluviatilis,151353,Perca fluviatilis,,
170315,Percichthyidae,125549,Percichthyidae,,
167641,Percoidei,151751,Percoidei,,
159721,Petromyzon,101169,Petromyzon,,
159722,Petromyzon marinus,101174,Petromyzon marinus,,
615903,Lamprididae,101174,Petromyzon marinus,,
171645,Pholis gunnellus,126996,Pholis gunnellus,,
172831,Phrynorhombus norvegicus,127147,Phrynorhombus norvegicus,172831 Invalid,Use TSN 616613
616613,Zeugopterus norvegicus,127147,Phrynorhombus norvegicus,,
131752,Phycinae,125475,Phycidae˜,,
164751,Phycis blennoides,126501,Phycis blennoides,,
164752,Phycis phycis,126502,Phycis phycis,,
623048,Physiculus dalwigki,126498,Physiculus dalwigki,,
172894,Platichthys flesus,127141,Platichthys flesus,,
97017,Plesionika  ,107046,Plesionika,,
97029,Plesionika acanthonotus,107654,Plesionika acanthonotus,,
97026,Plesionika edwardsii,107656,Plesionika edwardsii,,
97037,Plesionika ensis,107657,Plesionika ensis,,
97050,Plesionika gigliolii,107659,Plesionika gigliolii,,
97054,Plesionika heterocarpus,107660,Plesionika heterocarpus,,
97020,Plesionika martia,107661,Plesionika martia,,
172902,Pleuronectes platessa,127143,Pleuronectes platessa,,
164728,Pollachius pollachius,126440,Pollachius pollachius,,
164727,Pollachius virens,126441,Pollachius virens,,
573711,Polybius  ,106928,Polybius,,
97688,Polycheles typhlops,107696,Polycheles typhlops,,
162191,Polymetme corythaeola,127300,Polymetme corythaeola,,
167914,Polyprion americanus,126998,Polyprion americanus,,
168559,Pomatomus saltatrix,151482,Pomatomus saltatrix,,
171977,Pomatoschistus,125999,Pomatoschistus,,
637881,Pomatoschistus lozanoi,126925,Pomatoschistus lozanoi,,
171982,Pomatoschistus microps,126927,Pomatoschistus microps,,
171978,Pomatoschistus minutus,126928,Pomatoschistus minutus,,
171983,Pomatoschistus norvegicus,126929,Pomatoschistus norvegicus,,
171980,Pomatoschistus pictus,126930,Pomatoschistus pictus,,
46861,Porifera,558,Porifera,,
98689,Portunidae  ,106763,Portunidae,,
96942,Processa  ,107054,Processa,,
96947,Processa canaliculata,107682,Processa canaliculata,,
157954,Psammechinus miliaris,124319,Psammechinus miliaris,,
616195,Psetta maxima,-154473,Psetta maxima,,
79597,Pteria hirundo,140891,Pteria hirundo,,
170297,Pterycombus brama,126785,Pterycombus brama,,
166387,Pungitius pungitius,126507,Pungitius pungitius,,
83665,Pycnogonum littorale,239867,Pycnogonum litorale,,
160846,Raja,105766,Raja,,
160880,Raja brachyura,367297,Raja brachyura,,
160901,Raja clavata,105883,Raja clavata,,
160882,Raja microocellata,105885,Raja microocellata,,
160878,Raja miraletus,105886,Raja miraletus,,
160883,Raja montagui,105887,Raja montagui,,
160900,Raja undulata,105891,Raja undulata,,
564125,Rajella bathyphila,105892,Rajella bathyphila,,
564135,Rajella fyllae,105894,Rajella fyllae,,
160845,Rajidae,105711,Rajidae,,
160806,Rajiformes,10216,Rajiformes,,
164777,Raniceps raninus,126442,Raniceps raninus,,
166356,Regalecus glesne,126525,Regalecus glesne,,
82343,Rossia macrosoma,141449,Rossia macrosoma,,
573159,Rossia macrosoma,141449,Rossia macrosoma ,,
564123,Rostroraja alba,105896,Rostroraja alba,,
163617,Ritulus ritulus,154333,Rutilus rutilus,163617 invalid,Use TSN 163761
163761,Rutilus rutilus,154333,Rutilus rutilus,,
161994,Salmo,126141,Salmo,,
161996,Salmo salar,127186,Salmo salar,,
161997,Salmo trutta,127187,Salmo trutta,,
168510,Stizostedion lucioperca,151308,Sander lucioperca,168510 Invalid,Use TSN 650172
650172,Sander lucioperca,151308,Sander lucioperca,,
172409,Sarda sarda,127021,Sarda sarda,,
161813,Sardina pilchardus,126421,Sardina pilchardus,,
182942,Sarpa salpa,127064,Sarpa salpa,,
76168,Scaphander lignarius,139488,Scaphander lignarius,,
163613,Scardinius erythrophthalmus,154165,Scardinius erythrophthalmus,,
642554,Schedophilus medusophagus,126833,Schedophilus medusophagus,,
172413,Scomber colias,151174,Scomber colias,,
172412,Scomber japonicus,127022,Scomber japonicus,,
172414,Scomber scombrus,127023,Scomber scombrus,,
165612,Scomberesox saurus,126392,Scomberesox saurus,,
172748,Scophthalmus maximus,154473,Scophthalmus maximus,172748 Invalid,Use TSN 616195
-172748,Scophthalmus maximus,127149,Scophthalmus maximus,,
172749,Scophthalmus rhombus,127150,Scophthalmus rhombus,,
166811,Scorpaena  ,126171,Scorpaena,,
166836,Scorpaena loppei,127244,Scorpaena loppei,,
166838,Scorpaena notata,127246,Scorpaena notata,,
166840,Scorpaena porcus,127247,Scorpaena porcus,,
166839,Scorpaena scrofa,127248,Scorpaena scrofa,,
166704,Scorpaenidae,125595,Scorpaenidae,,
159985,Scyliorhinidae,105693,Scyliorhinidae,,
160053,Scyliorhinus,105729,Scyliorhinus,,
160065,Scyliorhinus canicula,105814,Scyliorhinus canicula,,
160067,Scyliorhinus stellaris,105815,Scyliorhinus stellaris,,
97666,Scyllarus arctus,107709,Scyllarus arctus,,
160755,Scymnodon ringens,105918,Scymnodon ringens,,
166705,Sebastes,126175,Sebastes,,
166745,Sebastes marinus,127253,Sebastes marinus,,
166756,Sebastes mentella,127254,Sebastes mentella,,
166779,Sebastes viviparus,127255,Sebastes viviparus,,
155894,Securiflustra securifrons,111374,Securiflustra securifrons,,
82361,Sepia,138477,Sepia,,
82362,Sepia elegans,141443,Sepia elegans,,
82363,Sepia officinalis,141444,Sepia officinalis,,
82364,Sepia orbignyana,141445,Sepia orbignyana,,
82359,Sepietta oweniana,141452,Sepietta oweniana,,
82360,Sepiidae,11723,Sepiidae,,
82356,Sepiola,138483,Sepiola,,
82357,Sepiola atlantica,141454,Sepiola atlantica,,
205711,Sepiola rondeletii,141459,Sepiola rondeletii,,
205713,Sepiola steenstrupiana,141460,Sepiola steenstrupiana,,
N/A,N/A ,494117,Sepiola tridens,,
555708,Sepiolida,157033,Sepiolida,,
82335,Sepiolidae  ,11725,Sepiolidae,,
95919,Sergestes  ,106829,Sergestes,,
95929,Sergestes henseni,240784,Sergestes henseni,,
95948,Sergia robusta,107136,Sergia robusta,,
167674,Serranidae,125561,Serranidae,,
167865,Serranus cabrilla,127041,Serranus cabrilla,,
167863,Serranus hepatus,127042,Serranus hepatus,,
167862,Serranus scriba,127043,Serranus scriba,,
157074,Solaster,123338,Solaster,,
157062,Solasteridae,123143,Solasteridae,,
173000,Solea,126132,Solea,,
173016,Solea senegalensis,127159,Solea senegalensis,,
173001,Solea vulgaris,127160,Solea solea,,
173002,Solea solea,127160,Solea solea,,
172980,Soleidae,125581,Soleidae,,
96005,Solenocera membranacea,107120,Solenocera membranacea,,
160611,Somniosus microcephalus,105919,Somniosus microcephalus,,
169180,Sparidae,125564,Sparidae,,
169226,Sparus auratus,151523,Sparus aurata,169226 Invalid,Use TSN 647901
647901,Sparus aurata,151523,Sparus aurata,,
158121,Spatangus purpureus,124418,Spatangus purpureus,,
173293,Sphoeroides cutaneus,127417,Sphoeroides pachygaster,,
647986,Spicara flexuosa,126828,Spicara maena ,,
166401,Spinachia spinachia,126508,Spinachia spinachia,,
80943,Spisula  ,138159,Spisula,,
80949,Spisula solida,140301,Spisula solida,,
80950,Spisula subtruncata,140302,Spisula subtruncata,,
169229,Spondyliosoma cantharus,127066,Spondyliosoma cantharus,,
161789,Sprattus sprattus,126425,Sprattus sprattus,,
160604,Squalidae,105716,Squalidae,,
160617,Squalus acanthias,105923,Squalus acanthias,,
649723,Squalus blainvillei,105924,Squalus blainville,,
171554,Stichaeidae,125566,Stichaeidae,,
162292,Stomias boa,127374,Stomias boa,,
162289,Stomias boa ferrox,158737,Stomias boa ferox ,,
614244,Symphodus bailloni,273566,Symphodus bailloni ,,
614239,Symphodus melops,273571,Symphodus melops ,,
616508,Symphurus nigrescens,127134,Symphurus nigrescens,,
161582,Synaphobranchus kaupi,126328,Synaphobranchus kaupii,161582 Invalid,Use TSN 635794
635794,Synaphobranchus kaupii,126328,Synaphobranchus kaupii,,
642542,Synchiropus phaeton,126798,Synchiropus phaeton,,
166438,Syngnathoidei,125606,Syngnathidae,,
166443,Syngnathidae,125606,Syngnathidae,,
166444,Syngnathus,126227,Syngnathus,,
166464,Syngnathus acus,127387,Syngnathus acus,,
166463,Syngnathus rostellatus,127389,Syngnathus rostellatus,,
166467,Syngnathus typhle,127393,Syngnathus typhle,,
167390,Taurulus bubalis,127204,Taurulus bubalis,,
82367,Teuthida,11716,Teuthida,,
172043,Thorogobius ephippiatus,126937,Thorogobius ephippiatus,,
172421,Thunnus thynnus,127029,Thunnus thynnus,,
205726,Todarodes sagittatus,140624,Todarodes sagittatus,,
205728,Todaropsis eblanae,140625,Todaropsis eblanae,,
160834,Torpedo nobiliana,105929,Torpedo (Tetronarce) nobiliana,,
160838,Torpedo marmorata,105930,Torpedo (Torpedo) marmorata,,
160836,Torpedo torpedo,271691,Torpedo torpedo ,,
170992,Trachinus draco,127082,Trachinus draco,,
166342,Trachipterus arcticus,126527,Trachipterus arcticus,,
168585,Trachurus,125946,Trachurus,,
168590,Trachurus mediterraneus,126820,Trachurus mediterraneus,,
168593,Trachurus picturatus,126821,Trachurus picturatus,,
168588,Trachurus trachurus,126822,Trachurus trachurus,,
165419,Trachyrincus murrayi,126481,Trachyrincus murrayi,,
550660,Trachyrincus scabrus,126482,Trachyrincus scabrus,,
623148,Trachyrincus trachyrincus,126482,Trachyrincus scabrus ,,
166859,Trachyscorpia cristulata,127256,Trachyscorpia cristulata,,
172385,Trichiurus lepturus,127089,Trichiurus lepturus,,
167041,Trigla lyra,127266,Trigla lyra,,
166972,Triglidae,125598,Triglidae,,
167046,Trigloporus lastoviza,154462,Trigloporus lastoviza,,
167368,Triglops,126154,Triglops,,
167375,Triglops murrayi,127205,Triglops murrayi,,
167373,Triglops pingeli,127207,Triglops pingelii,,
167316,Myoxocephalus quadricornis,127208,Triglopsis quadricornis,,
164756,Trisopterus esmarkii,126444,Trisopterus esmarkii,,
164755,Trisopterus luscus,126445,Trisopterus luscus,,
164754,Trisopterus minutus,126446,Trisopterus minutus,,
158853,urochordata,146420,Tunicata,,
169306,Umbrina canariensis,127011,Umbrina canariensis,,
81594,Venus verrucosa,141936,Venus verrucosa,,
162340,Xenodermichthys copei,126714,Xenodermichthys copei,,
172482,Xiphias gladius,127094,Xiphias gladius,,
166271,Zeiformes,10919,Zeiformes,,
166283,Zenopsis ocellata,127426,Zenopsis conchifer,166283 Invalid,Use TSN 166284
166284,Zenopsis conchifera,127426,Zenopsis conchifer,,
172828,Zeugopterus,126125,Zeugopterus,,
172829,Zeugopterus punctatus,127151,Zeugopterus punctatus,,
616605,Zeugopterus regius,236488,Zeugopterus regius,,
166287,Zeus faber,127427,Zeus faber,,
165325,Zoarces anguillaris,159267,Zoarces americanus,,
165324,Zoarces viviparus,127123,Zoarces viviparus,,
165215,Zoarcidae,125575,Zoarcidae,,
